--
-- PostgreSQL database dump
--

-- Dumped from database version 16.4
-- Dumped by pg_dump version 16.4

-- Started on 2025-12-21 16:43:19

SET statement_timeout = 0;
SET lock_timeout = 0;
SET idle_in_transaction_session_timeout = 0;
SET client_encoding = 'UTF8';
SET standard_conforming_strings = on;
SELECT pg_catalog.set_config('search_path', '', false);
SET check_function_bodies = false;
SET xmloption = content;
SET client_min_messages = warning;
SET row_security = off;

SET default_tablespace = '';

SET default_table_access_method = heap;

--
-- TOC entry 222 (class 1259 OID 41862)
-- Name: auth_group; Type: TABLE; Schema: public; Owner: Admin
--

CREATE TABLE public.auth_group (
    id integer NOT NULL,
    name character varying(150) NOT NULL
);


ALTER TABLE public.auth_group OWNER TO "Admin";

--
-- TOC entry 221 (class 1259 OID 41861)
-- Name: auth_group_id_seq; Type: SEQUENCE; Schema: public; Owner: Admin
--

ALTER TABLE public.auth_group ALTER COLUMN id ADD GENERATED BY DEFAULT AS IDENTITY (
    SEQUENCE NAME public.auth_group_id_seq
    START WITH 1
    INCREMENT BY 1
    NO MINVALUE
    NO MAXVALUE
    CACHE 1
);


--
-- TOC entry 224 (class 1259 OID 41870)
-- Name: auth_group_permissions; Type: TABLE; Schema: public; Owner: Admin
--

CREATE TABLE public.auth_group_permissions (
    id bigint NOT NULL,
    group_id integer NOT NULL,
    permission_id integer NOT NULL
);


ALTER TABLE public.auth_group_permissions OWNER TO "Admin";

--
-- TOC entry 223 (class 1259 OID 41869)
-- Name: auth_group_permissions_id_seq; Type: SEQUENCE; Schema: public; Owner: Admin
--

ALTER TABLE public.auth_group_permissions ALTER COLUMN id ADD GENERATED BY DEFAULT AS IDENTITY (
    SEQUENCE NAME public.auth_group_permissions_id_seq
    START WITH 1
    INCREMENT BY 1
    NO MINVALUE
    NO MAXVALUE
    CACHE 1
);


--
-- TOC entry 220 (class 1259 OID 41856)
-- Name: auth_permission; Type: TABLE; Schema: public; Owner: Admin
--

CREATE TABLE public.auth_permission (
    id integer NOT NULL,
    name character varying(255) NOT NULL,
    content_type_id integer NOT NULL,
    codename character varying(100) NOT NULL
);


ALTER TABLE public.auth_permission OWNER TO "Admin";

--
-- TOC entry 219 (class 1259 OID 41855)
-- Name: auth_permission_id_seq; Type: SEQUENCE; Schema: public; Owner: Admin
--

ALTER TABLE public.auth_permission ALTER COLUMN id ADD GENERATED BY DEFAULT AS IDENTITY (
    SEQUENCE NAME public.auth_permission_id_seq
    START WITH 1
    INCREMENT BY 1
    NO MINVALUE
    NO MAXVALUE
    CACHE 1
);


--
-- TOC entry 226 (class 1259 OID 41876)
-- Name: auth_user; Type: TABLE; Schema: public; Owner: Admin
--

CREATE TABLE public.auth_user (
    id integer NOT NULL,
    password character varying(128) NOT NULL,
    last_login timestamp with time zone,
    is_superuser boolean NOT NULL,
    username character varying(150) NOT NULL,
    first_name character varying(150) NOT NULL,
    last_name character varying(150) NOT NULL,
    email character varying(254) NOT NULL,
    is_staff boolean NOT NULL,
    is_active boolean NOT NULL,
    date_joined timestamp with time zone NOT NULL
);


ALTER TABLE public.auth_user OWNER TO "Admin";

--
-- TOC entry 228 (class 1259 OID 41884)
-- Name: auth_user_groups; Type: TABLE; Schema: public; Owner: Admin
--

CREATE TABLE public.auth_user_groups (
    id bigint NOT NULL,
    user_id integer NOT NULL,
    group_id integer NOT NULL
);


ALTER TABLE public.auth_user_groups OWNER TO "Admin";

--
-- TOC entry 227 (class 1259 OID 41883)
-- Name: auth_user_groups_id_seq; Type: SEQUENCE; Schema: public; Owner: Admin
--

ALTER TABLE public.auth_user_groups ALTER COLUMN id ADD GENERATED BY DEFAULT AS IDENTITY (
    SEQUENCE NAME public.auth_user_groups_id_seq
    START WITH 1
    INCREMENT BY 1
    NO MINVALUE
    NO MAXVALUE
    CACHE 1
);


--
-- TOC entry 225 (class 1259 OID 41875)
-- Name: auth_user_id_seq; Type: SEQUENCE; Schema: public; Owner: Admin
--

ALTER TABLE public.auth_user ALTER COLUMN id ADD GENERATED BY DEFAULT AS IDENTITY (
    SEQUENCE NAME public.auth_user_id_seq
    START WITH 1
    INCREMENT BY 1
    NO MINVALUE
    NO MAXVALUE
    CACHE 1
);


--
-- TOC entry 230 (class 1259 OID 41890)
-- Name: auth_user_user_permissions; Type: TABLE; Schema: public; Owner: Admin
--

CREATE TABLE public.auth_user_user_permissions (
    id bigint NOT NULL,
    user_id integer NOT NULL,
    permission_id integer NOT NULL
);


ALTER TABLE public.auth_user_user_permissions OWNER TO "Admin";

--
-- TOC entry 229 (class 1259 OID 41889)
-- Name: auth_user_user_permissions_id_seq; Type: SEQUENCE; Schema: public; Owner: Admin
--

ALTER TABLE public.auth_user_user_permissions ALTER COLUMN id ADD GENERATED BY DEFAULT AS IDENTITY (
    SEQUENCE NAME public.auth_user_user_permissions_id_seq
    START WITH 1
    INCREMENT BY 1
    NO MINVALUE
    NO MAXVALUE
    CACHE 1
);


--
-- TOC entry 232 (class 1259 OID 41948)
-- Name: django_admin_log; Type: TABLE; Schema: public; Owner: Admin
--

CREATE TABLE public.django_admin_log (
    id integer NOT NULL,
    action_time timestamp with time zone NOT NULL,
    object_id text,
    object_repr character varying(200) NOT NULL,
    action_flag smallint NOT NULL,
    change_message text NOT NULL,
    content_type_id integer,
    user_id integer NOT NULL,
    CONSTRAINT django_admin_log_action_flag_check CHECK ((action_flag >= 0))
);


ALTER TABLE public.django_admin_log OWNER TO "Admin";

--
-- TOC entry 231 (class 1259 OID 41947)
-- Name: django_admin_log_id_seq; Type: SEQUENCE; Schema: public; Owner: Admin
--

ALTER TABLE public.django_admin_log ALTER COLUMN id ADD GENERATED BY DEFAULT AS IDENTITY (
    SEQUENCE NAME public.django_admin_log_id_seq
    START WITH 1
    INCREMENT BY 1
    NO MINVALUE
    NO MAXVALUE
    CACHE 1
);


--
-- TOC entry 218 (class 1259 OID 41848)
-- Name: django_content_type; Type: TABLE; Schema: public; Owner: Admin
--

CREATE TABLE public.django_content_type (
    id integer NOT NULL,
    app_label character varying(100) NOT NULL,
    model character varying(100) NOT NULL
);


ALTER TABLE public.django_content_type OWNER TO "Admin";

--
-- TOC entry 217 (class 1259 OID 41847)
-- Name: django_content_type_id_seq; Type: SEQUENCE; Schema: public; Owner: Admin
--

ALTER TABLE public.django_content_type ALTER COLUMN id ADD GENERATED BY DEFAULT AS IDENTITY (
    SEQUENCE NAME public.django_content_type_id_seq
    START WITH 1
    INCREMENT BY 1
    NO MINVALUE
    NO MAXVALUE
    CACHE 1
);


--
-- TOC entry 216 (class 1259 OID 41840)
-- Name: django_migrations; Type: TABLE; Schema: public; Owner: Admin
--

CREATE TABLE public.django_migrations (
    id bigint NOT NULL,
    app character varying(255) NOT NULL,
    name character varying(255) NOT NULL,
    applied timestamp with time zone NOT NULL
);


ALTER TABLE public.django_migrations OWNER TO "Admin";

--
-- TOC entry 215 (class 1259 OID 41839)
-- Name: django_migrations_id_seq; Type: SEQUENCE; Schema: public; Owner: Admin
--

ALTER TABLE public.django_migrations ALTER COLUMN id ADD GENERATED BY DEFAULT AS IDENTITY (
    SEQUENCE NAME public.django_migrations_id_seq
    START WITH 1
    INCREMENT BY 1
    NO MINVALUE
    NO MAXVALUE
    CACHE 1
);


--
-- TOC entry 233 (class 1259 OID 41976)
-- Name: django_session; Type: TABLE; Schema: public; Owner: Admin
--

CREATE TABLE public.django_session (
    session_key character varying(40) NOT NULL,
    session_data text NOT NULL,
    expire_date timestamp with time zone NOT NULL
);


ALTER TABLE public.django_session OWNER TO "Admin";

--
-- TOC entry 235 (class 1259 OID 42000)
-- Name: scheduler_task; Type: TABLE; Schema: public; Owner: Admin
--

CREATE TABLE public.scheduler_task (
    id bigint NOT NULL,
    name character varying(100) NOT NULL,
    priority integer NOT NULL,
    execution_time integer NOT NULL,
    status character varying(20) NOT NULL
);


ALTER TABLE public.scheduler_task OWNER TO "Admin";

--
-- TOC entry 234 (class 1259 OID 41999)
-- Name: scheduler_task_id_seq; Type: SEQUENCE; Schema: public; Owner: Admin
--

ALTER TABLE public.scheduler_task ALTER COLUMN id ADD GENERATED BY DEFAULT AS IDENTITY (
    SEQUENCE NAME public.scheduler_task_id_seq
    START WITH 1
    INCREMENT BY 1
    NO MINVALUE
    NO MAXVALUE
    CACHE 1
);


--
-- TOC entry 4946 (class 0 OID 41862)
-- Dependencies: 222
-- Data for Name: auth_group; Type: TABLE DATA; Schema: public; Owner: Admin
--

COPY public.auth_group (id, name) FROM stdin;
\.


--
-- TOC entry 4948 (class 0 OID 41870)
-- Dependencies: 224
-- Data for Name: auth_group_permissions; Type: TABLE DATA; Schema: public; Owner: Admin
--

COPY public.auth_group_permissions (id, group_id, permission_id) FROM stdin;
\.


--
-- TOC entry 4944 (class 0 OID 41856)
-- Dependencies: 220
-- Data for Name: auth_permission; Type: TABLE DATA; Schema: public; Owner: Admin
--

COPY public.auth_permission (id, name, content_type_id, codename) FROM stdin;
1	Can add log entry	1	add_logentry
2	Can change log entry	1	change_logentry
3	Can delete log entry	1	delete_logentry
4	Can view log entry	1	view_logentry
5	Can add permission	2	add_permission
6	Can change permission	2	change_permission
7	Can delete permission	2	delete_permission
8	Can view permission	2	view_permission
9	Can add group	3	add_group
10	Can change group	3	change_group
11	Can delete group	3	delete_group
12	Can view group	3	view_group
13	Can add user	4	add_user
14	Can change user	4	change_user
15	Can delete user	4	delete_user
16	Can view user	4	view_user
17	Can add content type	5	add_contenttype
18	Can change content type	5	change_contenttype
19	Can delete content type	5	delete_contenttype
20	Can view content type	5	view_contenttype
21	Can add session	6	add_session
22	Can change session	6	change_session
23	Can delete session	6	delete_session
24	Can view session	6	view_session
25	Can add task	7	add_task
26	Can change task	7	change_task
27	Can delete task	7	delete_task
28	Can view task	7	view_task
\.


--
-- TOC entry 4950 (class 0 OID 41876)
-- Dependencies: 226
-- Data for Name: auth_user; Type: TABLE DATA; Schema: public; Owner: Admin
--

COPY public.auth_user (id, password, last_login, is_superuser, username, first_name, last_name, email, is_staff, is_active, date_joined) FROM stdin;
1	pbkdf2_sha256$870000$NmQGrn4F5oLVyKCFnZj85S$0/9UcvScdFIwgSiXtlf6R0V52bGqnnLzdVzxTWnIIc8=	2025-12-18 13:23:12.124252+05	t	admin				t	t	2025-12-18 13:23:05.381368+05
\.


--
-- TOC entry 4952 (class 0 OID 41884)
-- Dependencies: 228
-- Data for Name: auth_user_groups; Type: TABLE DATA; Schema: public; Owner: Admin
--

COPY public.auth_user_groups (id, user_id, group_id) FROM stdin;
\.


--
-- TOC entry 4954 (class 0 OID 41890)
-- Dependencies: 230
-- Data for Name: auth_user_user_permissions; Type: TABLE DATA; Schema: public; Owner: Admin
--

COPY public.auth_user_user_permissions (id, user_id, permission_id) FROM stdin;
\.


--
-- TOC entry 4956 (class 0 OID 41948)
-- Dependencies: 232
-- Data for Name: django_admin_log; Type: TABLE DATA; Schema: public; Owner: Admin
--

COPY public.django_admin_log (id, action_time, object_id, object_repr, action_flag, change_message, content_type_id, user_id) FROM stdin;
\.


--
-- TOC entry 4942 (class 0 OID 41848)
-- Dependencies: 218
-- Data for Name: django_content_type; Type: TABLE DATA; Schema: public; Owner: Admin
--

COPY public.django_content_type (id, app_label, model) FROM stdin;
1	admin	logentry
2	auth	permission
3	auth	group
4	auth	user
5	contenttypes	contenttype
6	sessions	session
7	scheduler	task
\.


--
-- TOC entry 4940 (class 0 OID 41840)
-- Dependencies: 216
-- Data for Name: django_migrations; Type: TABLE DATA; Schema: public; Owner: Admin
--

COPY public.django_migrations (id, app, name, applied) FROM stdin;
1	contenttypes	0001_initial	2025-12-18 13:01:42.652344+05
2	auth	0001_initial	2025-12-18 13:01:42.740798+05
3	admin	0001_initial	2025-12-18 13:01:42.763725+05
4	admin	0002_logentry_remove_auto_add	2025-12-18 13:01:42.769443+05
5	admin	0003_logentry_add_action_flag_choices	2025-12-18 13:01:42.77385+05
6	contenttypes	0002_remove_content_type_name	2025-12-18 13:01:42.782574+05
7	auth	0002_alter_permission_name_max_length	2025-12-18 13:01:42.787585+05
8	auth	0003_alter_user_email_max_length	2025-12-18 13:01:42.792097+05
9	auth	0004_alter_user_username_opts	2025-12-18 13:01:42.796125+05
10	auth	0005_alter_user_last_login_null	2025-12-18 13:01:42.801471+05
11	auth	0006_require_contenttypes_0002	2025-12-18 13:01:42.802754+05
12	auth	0007_alter_validators_add_error_messages	2025-12-18 13:01:42.805995+05
13	auth	0008_alter_user_username_max_length	2025-12-18 13:01:42.819862+05
14	auth	0009_alter_user_last_name_max_length	2025-12-18 13:01:42.827056+05
15	auth	0010_alter_group_name_max_length	2025-12-18 13:01:42.834541+05
16	auth	0011_update_proxy_permissions	2025-12-18 13:01:42.839048+05
17	auth	0012_alter_user_first_name_max_length	2025-12-18 13:01:42.845564+05
18	sessions	0001_initial	2025-12-18 13:01:42.861096+05
19	scheduler	0001_initial	2025-12-18 13:21:52.173459+05
\.


--
-- TOC entry 4957 (class 0 OID 41976)
-- Dependencies: 233
-- Data for Name: django_session; Type: TABLE DATA; Schema: public; Owner: Admin
--

COPY public.django_session (session_key, session_data, expire_date) FROM stdin;
d57pmboyhe1npw85eyij5dzb17wvyfli	.eJxVjLsOAiEURP-F2hBeC1xLe7-BXOAiq4ZNlt3K-O9KsoU2U8w5My8WcN9q2DutYc7szCQ7_XYR04PaAPmO7bbwtLRtnSMfCj9o59cl0_NyuH8HFXv9rrUBLyOgk0ITWqV8Gjll0IAFSE-kyEVIZHwSiLb4ImRB53RSRlv2_gDRqDeq:1vW9I0:i_evoB1KCsh5MBKcfRczXdfrRRFC3hPOMzrvZbYwNaE	2026-01-01 13:23:12.126289+05
\.


--
-- TOC entry 4959 (class 0 OID 42000)
-- Dependencies: 235
-- Data for Name: scheduler_task; Type: TABLE DATA; Schema: public; Owner: Admin
--

COPY public.scheduler_task (id, name, priority, execution_time, status) FROM stdin;
25	Task 25	5	8	waiting
35	Task 35	5	8	waiting
45	Task 45	5	7	waiting
30	Task 30	4	7	waiting
49	Task 49	4	9	waiting
7	Task 7	3	9	waiting
19	Task 19	5	12	waiting
29	Task 29	5	10	waiting
39	Task 39	5	10	waiting
50	Task 50	5	12	waiting
5	Task 5	4	10	waiting
10	Task 10	4	11	waiting
24	Task 24	4	11	waiting
34	Task 34	4	12	waiting
17	Task 17	3	10	waiting
37	Task 37	3	11	waiting
47	Task 47	3	10	waiting
14	Task 14	4	13	waiting
44	Task 44	4	14	waiting
27	Task 27	3	14	waiting
11	Task 11	2	14	waiting
56	Task3	7	3	waiting
9	Task 9	5	3	waiting
52	Task2	3	2	waiting
55	Task2	3	2	waiting
58	Task5	6	5	waiting
51	Task1	5	4	waiting
54	Task1	5	4	waiting
20	Task 20	4	6	waiting
40	Task 40	4	6	waiting
1	Task 1	3	5	waiting
12	Task 12	3	6	waiting
42	Task 42	3	5	waiting
4	Task 4	2	4	waiting
26	Task 26	2	6	waiting
31	Task 31	2	5	waiting
22	Task 22	3	9	waiting
32	Task 32	3	9	waiting
8	Task 8	2	7	waiting
16	Task 16	2	8	waiting
21	Task 21	2	7	waiting
36	Task 36	2	7	waiting
3	Task 3	5	8	waiting
15	Task 15	5	9	waiting
57	Task4	2	1	waiting
53	Task3	1	1	waiting
61	Task3	7	3	waiting
60	Task2	3	2	waiting
62	Task4	2	1	waiting
66	Task3	7	3	waiting
65	Task2	3	2	waiting
67	Task4	2	1	waiting
46	Task 46	2	6	waiting
6	Task 6	1	6	waiting
13	Task 13	1	5	waiting
18	Task 18	1	4	waiting
23	Task 23	1	5	waiting
28	Task 28	1	4	waiting
33	Task 33	1	6	waiting
38	Task 38	1	4	waiting
48	Task 48	1	5	waiting
63	Task5	6	5	waiting
59	Task1	5	4	waiting
68	Task5	6	5	waiting
64	Task1	5	4	waiting
41	Task 41	2	9	waiting
43	Task 43	1	8	waiting
2	Task 2	1	12	waiting
\.


--
-- TOC entry 4965 (class 0 OID 0)
-- Dependencies: 221
-- Name: auth_group_id_seq; Type: SEQUENCE SET; Schema: public; Owner: Admin
--

SELECT pg_catalog.setval('public.auth_group_id_seq', 1, false);


--
-- TOC entry 4966 (class 0 OID 0)
-- Dependencies: 223
-- Name: auth_group_permissions_id_seq; Type: SEQUENCE SET; Schema: public; Owner: Admin
--

SELECT pg_catalog.setval('public.auth_group_permissions_id_seq', 1, false);


--
-- TOC entry 4967 (class 0 OID 0)
-- Dependencies: 219
-- Name: auth_permission_id_seq; Type: SEQUENCE SET; Schema: public; Owner: Admin
--

SELECT pg_catalog.setval('public.auth_permission_id_seq', 28, true);


--
-- TOC entry 4968 (class 0 OID 0)
-- Dependencies: 227
-- Name: auth_user_groups_id_seq; Type: SEQUENCE SET; Schema: public; Owner: Admin
--

SELECT pg_catalog.setval('public.auth_user_groups_id_seq', 1, false);


--
-- TOC entry 4969 (class 0 OID 0)
-- Dependencies: 225
-- Name: auth_user_id_seq; Type: SEQUENCE SET; Schema: public; Owner: Admin
--

SELECT pg_catalog.setval('public.auth_user_id_seq', 1, true);


--
-- TOC entry 4970 (class 0 OID 0)
-- Dependencies: 229
-- Name: auth_user_user_permissions_id_seq; Type: SEQUENCE SET; Schema: public; Owner: Admin
--

SELECT pg_catalog.setval('public.auth_user_user_permissions_id_seq', 1, false);


--
-- TOC entry 4971 (class 0 OID 0)
-- Dependencies: 231
-- Name: django_admin_log_id_seq; Type: SEQUENCE SET; Schema: public; Owner: Admin
--

SELECT pg_catalog.setval('public.django_admin_log_id_seq', 1, false);


--
-- TOC entry 4972 (class 0 OID 0)
-- Dependencies: 217
-- Name: django_content_type_id_seq; Type: SEQUENCE SET; Schema: public; Owner: Admin
--

SELECT pg_catalog.setval('public.django_content_type_id_seq', 7, true);


--
-- TOC entry 4973 (class 0 OID 0)
-- Dependencies: 215
-- Name: django_migrations_id_seq; Type: SEQUENCE SET; Schema: public; Owner: Admin
--

SELECT pg_catalog.setval('public.django_migrations_id_seq', 19, true);


--
-- TOC entry 4974 (class 0 OID 0)
-- Dependencies: 234
-- Name: scheduler_task_id_seq; Type: SEQUENCE SET; Schema: public; Owner: Admin
--

SELECT pg_catalog.setval('public.scheduler_task_id_seq', 68, true);


--
-- TOC entry 4751 (class 2606 OID 41974)
-- Name: auth_group auth_group_name_key; Type: CONSTRAINT; Schema: public; Owner: Admin
--

ALTER TABLE ONLY public.auth_group
    ADD CONSTRAINT auth_group_name_key UNIQUE (name);


--
-- TOC entry 4756 (class 2606 OID 41905)
-- Name: auth_group_permissions auth_group_permissions_group_id_permission_id_0cd325b0_uniq; Type: CONSTRAINT; Schema: public; Owner: Admin
--

ALTER TABLE ONLY public.auth_group_permissions
    ADD CONSTRAINT auth_group_permissions_group_id_permission_id_0cd325b0_uniq UNIQUE (group_id, permission_id);


--
-- TOC entry 4759 (class 2606 OID 41874)
-- Name: auth_group_permissions auth_group_permissions_pkey; Type: CONSTRAINT; Schema: public; Owner: Admin
--

ALTER TABLE ONLY public.auth_group_permissions
    ADD CONSTRAINT auth_group_permissions_pkey PRIMARY KEY (id);


--
-- TOC entry 4753 (class 2606 OID 41866)
-- Name: auth_group auth_group_pkey; Type: CONSTRAINT; Schema: public; Owner: Admin
--

ALTER TABLE ONLY public.auth_group
    ADD CONSTRAINT auth_group_pkey PRIMARY KEY (id);


--
-- TOC entry 4746 (class 2606 OID 41896)
-- Name: auth_permission auth_permission_content_type_id_codename_01ab375a_uniq; Type: CONSTRAINT; Schema: public; Owner: Admin
--

ALTER TABLE ONLY public.auth_permission
    ADD CONSTRAINT auth_permission_content_type_id_codename_01ab375a_uniq UNIQUE (content_type_id, codename);


--
-- TOC entry 4748 (class 2606 OID 41860)
-- Name: auth_permission auth_permission_pkey; Type: CONSTRAINT; Schema: public; Owner: Admin
--

ALTER TABLE ONLY public.auth_permission
    ADD CONSTRAINT auth_permission_pkey PRIMARY KEY (id);


--
-- TOC entry 4767 (class 2606 OID 41888)
-- Name: auth_user_groups auth_user_groups_pkey; Type: CONSTRAINT; Schema: public; Owner: Admin
--

ALTER TABLE ONLY public.auth_user_groups
    ADD CONSTRAINT auth_user_groups_pkey PRIMARY KEY (id);


--
-- TOC entry 4770 (class 2606 OID 41920)
-- Name: auth_user_groups auth_user_groups_user_id_group_id_94350c0c_uniq; Type: CONSTRAINT; Schema: public; Owner: Admin
--

ALTER TABLE ONLY public.auth_user_groups
    ADD CONSTRAINT auth_user_groups_user_id_group_id_94350c0c_uniq UNIQUE (user_id, group_id);


--
-- TOC entry 4761 (class 2606 OID 41880)
-- Name: auth_user auth_user_pkey; Type: CONSTRAINT; Schema: public; Owner: Admin
--

ALTER TABLE ONLY public.auth_user
    ADD CONSTRAINT auth_user_pkey PRIMARY KEY (id);


--
-- TOC entry 4773 (class 2606 OID 41894)
-- Name: auth_user_user_permissions auth_user_user_permissions_pkey; Type: CONSTRAINT; Schema: public; Owner: Admin
--

ALTER TABLE ONLY public.auth_user_user_permissions
    ADD CONSTRAINT auth_user_user_permissions_pkey PRIMARY KEY (id);


--
-- TOC entry 4776 (class 2606 OID 41934)
-- Name: auth_user_user_permissions auth_user_user_permissions_user_id_permission_id_14a6b632_uniq; Type: CONSTRAINT; Schema: public; Owner: Admin
--

ALTER TABLE ONLY public.auth_user_user_permissions
    ADD CONSTRAINT auth_user_user_permissions_user_id_permission_id_14a6b632_uniq UNIQUE (user_id, permission_id);


--
-- TOC entry 4764 (class 2606 OID 41969)
-- Name: auth_user auth_user_username_key; Type: CONSTRAINT; Schema: public; Owner: Admin
--

ALTER TABLE ONLY public.auth_user
    ADD CONSTRAINT auth_user_username_key UNIQUE (username);


--
-- TOC entry 4779 (class 2606 OID 41955)
-- Name: django_admin_log django_admin_log_pkey; Type: CONSTRAINT; Schema: public; Owner: Admin
--

ALTER TABLE ONLY public.django_admin_log
    ADD CONSTRAINT django_admin_log_pkey PRIMARY KEY (id);


--
-- TOC entry 4741 (class 2606 OID 41854)
-- Name: django_content_type django_content_type_app_label_model_76bd3d3b_uniq; Type: CONSTRAINT; Schema: public; Owner: Admin
--

ALTER TABLE ONLY public.django_content_type
    ADD CONSTRAINT django_content_type_app_label_model_76bd3d3b_uniq UNIQUE (app_label, model);


--
-- TOC entry 4743 (class 2606 OID 41852)
-- Name: django_content_type django_content_type_pkey; Type: CONSTRAINT; Schema: public; Owner: Admin
--

ALTER TABLE ONLY public.django_content_type
    ADD CONSTRAINT django_content_type_pkey PRIMARY KEY (id);


--
-- TOC entry 4739 (class 2606 OID 41846)
-- Name: django_migrations django_migrations_pkey; Type: CONSTRAINT; Schema: public; Owner: Admin
--

ALTER TABLE ONLY public.django_migrations
    ADD CONSTRAINT django_migrations_pkey PRIMARY KEY (id);


--
-- TOC entry 4783 (class 2606 OID 41982)
-- Name: django_session django_session_pkey; Type: CONSTRAINT; Schema: public; Owner: Admin
--

ALTER TABLE ONLY public.django_session
    ADD CONSTRAINT django_session_pkey PRIMARY KEY (session_key);


--
-- TOC entry 4786 (class 2606 OID 42004)
-- Name: scheduler_task scheduler_task_pkey; Type: CONSTRAINT; Schema: public; Owner: Admin
--

ALTER TABLE ONLY public.scheduler_task
    ADD CONSTRAINT scheduler_task_pkey PRIMARY KEY (id);


--
-- TOC entry 4749 (class 1259 OID 41975)
-- Name: auth_group_name_a6ea08ec_like; Type: INDEX; Schema: public; Owner: Admin
--

CREATE INDEX auth_group_name_a6ea08ec_like ON public.auth_group USING btree (name varchar_pattern_ops);


--
-- TOC entry 4754 (class 1259 OID 41916)
-- Name: auth_group_permissions_group_id_b120cbf9; Type: INDEX; Schema: public; Owner: Admin
--

CREATE INDEX auth_group_permissions_group_id_b120cbf9 ON public.auth_group_permissions USING btree (group_id);


--
-- TOC entry 4757 (class 1259 OID 41917)
-- Name: auth_group_permissions_permission_id_84c5c92e; Type: INDEX; Schema: public; Owner: Admin
--

CREATE INDEX auth_group_permissions_permission_id_84c5c92e ON public.auth_group_permissions USING btree (permission_id);


--
-- TOC entry 4744 (class 1259 OID 41902)
-- Name: auth_permission_content_type_id_2f476e4b; Type: INDEX; Schema: public; Owner: Admin
--

CREATE INDEX auth_permission_content_type_id_2f476e4b ON public.auth_permission USING btree (content_type_id);


--
-- TOC entry 4765 (class 1259 OID 41932)
-- Name: auth_user_groups_group_id_97559544; Type: INDEX; Schema: public; Owner: Admin
--

CREATE INDEX auth_user_groups_group_id_97559544 ON public.auth_user_groups USING btree (group_id);


--
-- TOC entry 4768 (class 1259 OID 41931)
-- Name: auth_user_groups_user_id_6a12ed8b; Type: INDEX; Schema: public; Owner: Admin
--

CREATE INDEX auth_user_groups_user_id_6a12ed8b ON public.auth_user_groups USING btree (user_id);


--
-- TOC entry 4771 (class 1259 OID 41946)
-- Name: auth_user_user_permissions_permission_id_1fbb5f2c; Type: INDEX; Schema: public; Owner: Admin
--

CREATE INDEX auth_user_user_permissions_permission_id_1fbb5f2c ON public.auth_user_user_permissions USING btree (permission_id);


--
-- TOC entry 4774 (class 1259 OID 41945)
-- Name: auth_user_user_permissions_user_id_a95ead1b; Type: INDEX; Schema: public; Owner: Admin
--

CREATE INDEX auth_user_user_permissions_user_id_a95ead1b ON public.auth_user_user_permissions USING btree (user_id);


--
-- TOC entry 4762 (class 1259 OID 41970)
-- Name: auth_user_username_6821ab7c_like; Type: INDEX; Schema: public; Owner: Admin
--

CREATE INDEX auth_user_username_6821ab7c_like ON public.auth_user USING btree (username varchar_pattern_ops);


--
-- TOC entry 4777 (class 1259 OID 41966)
-- Name: django_admin_log_content_type_id_c4bce8eb; Type: INDEX; Schema: public; Owner: Admin
--

CREATE INDEX django_admin_log_content_type_id_c4bce8eb ON public.django_admin_log USING btree (content_type_id);


--
-- TOC entry 4780 (class 1259 OID 41967)
-- Name: django_admin_log_user_id_c564eba6; Type: INDEX; Schema: public; Owner: Admin
--

CREATE INDEX django_admin_log_user_id_c564eba6 ON public.django_admin_log USING btree (user_id);


--
-- TOC entry 4781 (class 1259 OID 41984)
-- Name: django_session_expire_date_a5c62663; Type: INDEX; Schema: public; Owner: Admin
--

CREATE INDEX django_session_expire_date_a5c62663 ON public.django_session USING btree (expire_date);


--
-- TOC entry 4784 (class 1259 OID 41983)
-- Name: django_session_session_key_c0390e0f_like; Type: INDEX; Schema: public; Owner: Admin
--

CREATE INDEX django_session_session_key_c0390e0f_like ON public.django_session USING btree (session_key varchar_pattern_ops);


--
-- TOC entry 4788 (class 2606 OID 41911)
-- Name: auth_group_permissions auth_group_permissio_permission_id_84c5c92e_fk_auth_perm; Type: FK CONSTRAINT; Schema: public; Owner: Admin
--

ALTER TABLE ONLY public.auth_group_permissions
    ADD CONSTRAINT auth_group_permissio_permission_id_84c5c92e_fk_auth_perm FOREIGN KEY (permission_id) REFERENCES public.auth_permission(id) DEFERRABLE INITIALLY DEFERRED;


--
-- TOC entry 4789 (class 2606 OID 41906)
-- Name: auth_group_permissions auth_group_permissions_group_id_b120cbf9_fk_auth_group_id; Type: FK CONSTRAINT; Schema: public; Owner: Admin
--

ALTER TABLE ONLY public.auth_group_permissions
    ADD CONSTRAINT auth_group_permissions_group_id_b120cbf9_fk_auth_group_id FOREIGN KEY (group_id) REFERENCES public.auth_group(id) DEFERRABLE INITIALLY DEFERRED;


--
-- TOC entry 4787 (class 2606 OID 41897)
-- Name: auth_permission auth_permission_content_type_id_2f476e4b_fk_django_co; Type: FK CONSTRAINT; Schema: public; Owner: Admin
--

ALTER TABLE ONLY public.auth_permission
    ADD CONSTRAINT auth_permission_content_type_id_2f476e4b_fk_django_co FOREIGN KEY (content_type_id) REFERENCES public.django_content_type(id) DEFERRABLE INITIALLY DEFERRED;


--
-- TOC entry 4790 (class 2606 OID 41926)
-- Name: auth_user_groups auth_user_groups_group_id_97559544_fk_auth_group_id; Type: FK CONSTRAINT; Schema: public; Owner: Admin
--

ALTER TABLE ONLY public.auth_user_groups
    ADD CONSTRAINT auth_user_groups_group_id_97559544_fk_auth_group_id FOREIGN KEY (group_id) REFERENCES public.auth_group(id) DEFERRABLE INITIALLY DEFERRED;


--
-- TOC entry 4791 (class 2606 OID 41921)
-- Name: auth_user_groups auth_user_groups_user_id_6a12ed8b_fk_auth_user_id; Type: FK CONSTRAINT; Schema: public; Owner: Admin
--

ALTER TABLE ONLY public.auth_user_groups
    ADD CONSTRAINT auth_user_groups_user_id_6a12ed8b_fk_auth_user_id FOREIGN KEY (user_id) REFERENCES public.auth_user(id) DEFERRABLE INITIALLY DEFERRED;


--
-- TOC entry 4792 (class 2606 OID 41940)
-- Name: auth_user_user_permissions auth_user_user_permi_permission_id_1fbb5f2c_fk_auth_perm; Type: FK CONSTRAINT; Schema: public; Owner: Admin
--

ALTER TABLE ONLY public.auth_user_user_permissions
    ADD CONSTRAINT auth_user_user_permi_permission_id_1fbb5f2c_fk_auth_perm FOREIGN KEY (permission_id) REFERENCES public.auth_permission(id) DEFERRABLE INITIALLY DEFERRED;


--
-- TOC entry 4793 (class 2606 OID 41935)
-- Name: auth_user_user_permissions auth_user_user_permissions_user_id_a95ead1b_fk_auth_user_id; Type: FK CONSTRAINT; Schema: public; Owner: Admin
--

ALTER TABLE ONLY public.auth_user_user_permissions
    ADD CONSTRAINT auth_user_user_permissions_user_id_a95ead1b_fk_auth_user_id FOREIGN KEY (user_id) REFERENCES public.auth_user(id) DEFERRABLE INITIALLY DEFERRED;


--
-- TOC entry 4794 (class 2606 OID 41956)
-- Name: django_admin_log django_admin_log_content_type_id_c4bce8eb_fk_django_co; Type: FK CONSTRAINT; Schema: public; Owner: Admin
--

ALTER TABLE ONLY public.django_admin_log
    ADD CONSTRAINT django_admin_log_content_type_id_c4bce8eb_fk_django_co FOREIGN KEY (content_type_id) REFERENCES public.django_content_type(id) DEFERRABLE INITIALLY DEFERRED;


--
-- TOC entry 4795 (class 2606 OID 41961)
-- Name: django_admin_log django_admin_log_user_id_c564eba6_fk_auth_user_id; Type: FK CONSTRAINT; Schema: public; Owner: Admin
--

ALTER TABLE ONLY public.django_admin_log
    ADD CONSTRAINT django_admin_log_user_id_c564eba6_fk_auth_user_id FOREIGN KEY (user_id) REFERENCES public.auth_user(id) DEFERRABLE INITIALLY DEFERRED;


-- Completed on 2025-12-21 16:43:19

--
-- PostgreSQL database dump complete
--

